{
  "onboarding": [
    {
      "id": "ONB001",
      "employeeName": "John Doe",
      "department": "Engineering",
      "startDate": "2026-01-20",
      "status": "In Progress",
      "assignedTo": "Sarah Miller"
    },
    {
      "id": "ONB002",
      "employeeName": "Jane Smith",
      "department": "Marketing",
      "startDate": "2026-01-22",
      "status": "Completed",
      "assignedTo": "Mike Johnson"
    },
    {
      "id": "Test",
      "employeeName": "Test Name",
      "department": "Test Dep",
      "startDate": "04-12-2026",
      "status": "Pending",
      "assignedTo": "Kumar I N"
    }
  ],
  "offboarding": [
    {
      "id": "OFF001",
      "employeeName": "Alex Turner",
      "department": "Engineering",
      "lastDay": "2026-01-31",
      "status": "In Progress",
      "exitReason": "Resignation",
      "assetReturn": "Pending"
    }
  ],
  "invoice": [
    {
      "invoiceNumber": "INV-2026-001",
      "client": "Acme Corp",
      "amount": "$12,500.00",
      "issueDate": "2026-01-05",
      "dueDate": "2026-02-05",
      "status": "Paid"
    }
  ],
  "variance": [
    {
      "projectId": "PRJ-001",
      "projectName": "Website Redesign",
      "budgetPlanned": "$50,000",
      "budgetActual": "$48,500",
      "variance": "+$1,500",
      "status": "Under Budget",
      "category": "Budget"
    }
  ],
  "policy": [
    {
      "policyId": "POL-001",
      "policyName": "Remote Work Policy",
      "category": "HR",
      "version": "2.1",
      "effectiveDate": "2026-01-01",
      "lastReviewed": "2025-12-15",
      "status": "Active"
    }
  ],
  "newOnboardingDocs": [
    {
      "docId": "DOC-001",
      "documentName": "Employee Handbook 2026",
      "uploadedBy": "HR Admin",
      "uploadDate": "2026-01-02",
      "fileType": "PDF",
      "size": "2.4 MB",
      "status": "Approved"
    }
  ]
}